{
    "season": "2016/2017",
    "competitions": {
        "Bundesliga-1": {
            "teams": [
                38,
                46,
                33,
                49,
                41,
                47,
                42,
                37,
                39,
                35,
                44,
                40,
                36,
                50,
                34,
                43,
                45,
                48
            ],
            "top_teams": [
                38,
                46,
                33
            ],
            "bottom_teams": [
                43,
                45,
                48
            ],
            "top_3_elos": {
                "38": 1856.727747592253,
                "46": 1534.5801721856876,
                "33": 1683.85255739353
            },
            "bottom_3_elos": {
                "43": 1476.1536449155592,
                "45": 1398.169772998955,
                "48": 1351.3991291675718
            }
        }
    }
}