{
    "season": "2011/2012",
    "competitions": {
        "Bundesliga-1": {
            "teams": [
                33,
                38,
                35,
                39,
                40,
                51,
                52,
                43,
                37,
                127,
                49,
                42,
                34,
                50,
                36,
                47,
                41,
                542
            ],
            "top_teams": [
                33,
                38,
                35
            ],
            "bottom_teams": [
                47,
                41,
                542
            ],
            "top_3_elos": {
                "33": 1670.0308818592027,
                "38": 1616.7481982816516,
                "35": 1569.4713131375897
            },
            "bottom_3_elos": {
                "47": 1419.4511749256321,
                "41": 1408.505219462645,
                "542": 1383.5322254532202
            }
        }
    }
}