{
    "season": "2018/2019",
    "teams": [
        23,
        24,
        21,
        25,
        1017,
        29,
        32,
        30,
        1155,
        22,
        1019,
        28
    ],
    "top_3_elos": {
        "23": 1821.9901801470412,
        "24": 1680.8260481964226,
        "21": 1586.1810632428464
    },
    "bottom_3_elos": {
        "22": 1330.7993459274662,
        "1019": 1352.9959447148285,
        "28": 1288.4719492904924
    }
}