{
    "season": "2023/2024",
    "teams": [
        40,
        51,
        38,
        548,
        566,
        46,
        545,
        33,
        36,
        547,
        52,
        53,
        544,
        47,
        44,
        49,
        35,
        6326,
        37,
        552,
        42,
        127,
        542,
        50,
        558,
        128,
        43,
        34,
        39,
        540,
        541,
        557,
        567,
        562,
        41,
        48
    ],
    "top_3_elos": {
        "40": 1860.2238228375131,
        "51": 1700.6441327386892,
        "38": 1850.7303941063558
    },
    "bottom_3_elos": {
        "562": 1363.2764716171748,
        "41": 1529.5557948311734,
        "48": 1445.5405618870186
    }
}