{
    "season": "2014/2015",
    "teams": [
        23,
        25,
        27,
        29,
        1018,
        22,
        26,
        28,
        31,
        21,
        30,
        1019
    ],
    "top_3_elos": {
        "23": 1803.9127417275013,
        "25": 1626.4790165236498,
        "27": 1563.4693244494906
    },
    "bottom_3_elos": {
        "21": 1394.0854819534925,
        "30": 1457.3624191329286,
        "1019": 1358.4711643298613
    }
}