{
    "season": "2016/2017",
    "teams": [
        38,
        51,
        52,
        46,
        128,
        33,
        49,
        541,
        539,
        41,
        47,
        42,
        552,
        544,
        548,
        37,
        39,
        540,
        35,
        550,
        545,
        127,
        44,
        542,
        40,
        551,
        36,
        50,
        543,
        34,
        43,
        546,
        549,
        45,
        547,
        48
    ],
    "top_3_elos": {
        "38": 1911.1483898871265,
        "51": 1537.7190523400475,
        "52": 1526.3141055363374
    },
    "bottom_3_elos": {
        "45": 1482.5545038652854,
        "547": 1346.3200836180984,
        "48": 1426.9713689671578
    }
}