{
    "season": "2023/2024",
    "competitions": {
        "Bundesliga-1": {
            "teams": [
                40,
                51,
                38,
                46,
                33,
                44,
                49,
                37,
                552,
                42,
                50,
                43,
                34,
                39,
                540,
                541,
                41,
                48
            ],
            "top_teams": [
                40,
                51,
                38
            ],
            "bottom_teams": [
                541,
                41,
                48
            ],
            "top_3_elos": {
                "40": 1755.1054330836532,
                "51": 1591.8615672342858,
                "38": 1749.8368568810884
            },
            "bottom_3_elos": {
                "541": 1485.635873175324,
                "41": 1420.6165647403643,
                "48": 1306.8891146312312
            }
        }
    }
}