{
    "season": "2017/2018",
    "teams": [
        38,
        545,
        35,
        127,
        566,
        40,
        49,
        33,
        46,
        51,
        44,
        540,
        543,
        563,
        553,
        541,
        39,
        45,
        548,
        48,
        550,
        47,
        552,
        37,
        539,
        50,
        544,
        551,
        128,
        52,
        34,
        42,
        542,
        43,
        36,
        41
    ],
    "top_3_elos": {
        "38": 1921.6640478883012,
        "545": 1480.0013199878238,
        "35": 1661.3619814945973
    },
    "bottom_3_elos": {
        "43": 1503.4063335982455,
        "36": 1468.766119551746,
        "41": 1465.881555232087
    }
}