{
    "season": "2017/2018",
    "competitions": {
        "Bundesliga-1": {
            "teams": [
                38,
                35,
                40,
                49,
                33,
                46,
                51,
                44,
                39,
                47,
                37,
                50,
                52,
                34,
                42,
                43,
                36,
                41
            ],
            "top_teams": [
                38,
                35,
                40
            ],
            "bottom_teams": [
                43,
                36,
                41
            ],
            "top_3_elos": {
                "38": 1859.5401074663807,
                "35": 1591.3197646636681,
                "40": 1559.1143513942307
            },
            "bottom_3_elos": {
                "43": 1433.5795802742684,
                "36": 1398.3741825405682,
                "41": 1387.072049786927
            }
        }
    }
}