{
    "season": "2022/2023",
    "teams": [
        38,
        33,
        48,
        552,
        36,
        46,
        541,
        42,
        548,
        545,
        53,
        44,
        40,
        43,
        566,
        547,
        34,
        542,
        52,
        558,
        39,
        41,
        544,
        567,
        127,
        128,
        49,
        37,
        540,
        543,
        50,
        51,
        563,
        35,
        47,
        550
    ],
    "top_3_elos": {
        "38": 1881.5060205536636,
        "33": 1811.1388901764826,
        "48": 1558.717654842341
    },
    "bottom_3_elos": {
        "35": 1512.6111440739087,
        "47": 1475.635828806219,
        "550": 1318.265389095907
    }
}