{
    "season": "2019/2020",
    "competitions": {
        "Bundesliga-1": {
            "teams": [
                38,
                33,
                46,
                39,
                40,
                49,
                43,
                42,
                44,
                47,
                541,
                35,
                34,
                50,
                41,
                37,
                545,
                53
            ],
            "top_teams": [
                38,
                33,
                46
            ],
            "bottom_teams": [
                37,
                545,
                53
            ],
            "top_3_elos": {
                "38": 1859.9499499496321,
                "33": 1703.6099826797888,
                "46": 1659.3608303677202
            },
            "bottom_3_elos": {
                "37": 1448.4781142340776,
                "545": 1412.0870235699438,
                "53": 1303.0660203503671
            }
        }
    }
}