{
    "season": "2015/2016",
    "competitions": {
        "Bundesliga-1": {
            "teams": [
                38,
                33,
                40,
                39,
                35,
                47,
                34,
                43,
                41,
                36,
                45,
                50,
                37,
                48,
                49,
                44,
                51,
                52
            ],
            "top_teams": [
                38,
                33,
                40
            ],
            "bottom_teams": [
                44,
                51,
                52
            ],
            "top_3_elos": {
                "38": 1852.3258587545133,
                "33": 1689.0296991800099,
                "40": 1624.6880593836167
            },
            "bottom_3_elos": {
                "44": 1431.8635769091575,
                "51": 1389.6856780126582,
                "52": 1357.7029373739367
            }
        }
    }
}