{
    "season": "2021/2022",
    "competitions": {
        "Bundesliga-1": {
            "teams": [
                38,
                33,
                40,
                46,
                541,
                42,
                41,
                49,
                34,
                39,
                43,
                540,
                44,
                50,
                51,
                47,
                543,
                544
            ],
            "top_teams": [
                38,
                33,
                40
            ],
            "bottom_teams": [
                47,
                543,
                544
            ],
            "top_3_elos": {
                "38": 1821.393325446627,
                "33": 1689.1196918948986,
                "40": 1627.040265166118
            },
            "bottom_3_elos": {
                "47": 1401.5426373660566,
                "543": 1378.286911979837,
                "544": 1315.6292130460083
            }
        }
    }
}