{
    "season": "2021/2022",
    "teams": [
        38,
        33,
        35,
        40,
        37,
        36,
        48,
        46,
        548,
        541,
        42,
        552,
        41,
        53,
        127,
        49,
        34,
        566,
        39,
        545,
        52,
        43,
        540,
        44,
        567,
        547,
        550,
        563,
        50,
        51,
        47,
        539,
        543,
        551,
        45,
        544
    ],
    "top_3_elos": {
        "38": 1909.2847632340558,
        "33": 1781.4750188320545,
        "35": 1517.4217902518308
    },
    "bottom_3_elos": {
        "551": 1321.279819333913,
        "45": 1296.775348942563,
        "544": 1440.2649579922409
    }
}