{
    "season": "2014/2015",
    "competitions": {
        "Bundesliga-1": {
            "teams": [
                38,
                43,
                39,
                40,
                50,
                35,
                33,
                49,
                37,
                44,
                41,
                34,
                52,
                51,
                47,
                36,
                42,
                53
            ],
            "top_teams": [
                38,
                43,
                39
            ],
            "bottom_teams": [
                36,
                42,
                53
            ],
            "top_3_elos": {
                "38": 1809.436351507935,
                "43": 1637.2447642384518,
                "39": 1625.8448699129356
            },
            "bottom_3_elos": {
                "36": 1390.4791978337166,
                "42": 1433.5208585390958,
                "53": 1358.2505026175033
            }
        }
    }
}