{
    "season": "2024/2025",
    "teams": [
        23,
        25,
        24,
        30,
        1018,
        28,
        21,
        31,
        1019,
        29,
        32,
        1017
    ],
    "top_3_elos": {
        "23": 1752.9279929728755,
        "25": 1544.3010376927436,
        "24": 1685.2640159771668
    },
    "bottom_3_elos": {
        "29": 1416.292354530287,
        "32": 1518.4252042598582,
        "1017": 1467.3514215935597
    }
}