{
    "season": "2016/2017",
    "teams": [
        23,
        25,
        24,
        29,
        31,
        32,
        26,
        21,
        30,
        28,
        22,
        27
    ],
    "top_3_elos": {
        "23": 1888.278074403903,
        "25": 1658.1556369767843,
        "24": 1541.480314635645
    },
    "bottom_3_elos": {
        "28": 1399.4803833513931,
        "22": 1393.8018787011245,
        "27": 1436.2943045476636
    }
}