{
    "season": "2013/2014",
    "teams": [
        23,
        30,
        25,
        1018,
        27,
        29,
        31,
        21,
        1019,
        26,
        32,
        1017
    ],
    "top_3_elos": {
        "23": 1759.2818929308125,
        "30": 1596.8961091346857,
        "25": 1570.8736045913806
    },
    "bottom_3_elos": {
        "26": 1420.1191388286,
        "32": 1424.2492452374292,
        "1017": 1395.8447457350746
    }
}