{
    "season": "2013/2014",
    "competitions": {
        "Bundesliga-1": {
            "teams": [
                38,
                33,
                35,
                40,
                43,
                39,
                34,
                50,
                49,
                52,
                47,
                37,
                42,
                44,
                51,
                36,
                127,
                128
            ],
            "top_teams": [
                38,
                33,
                35
            ],
            "bottom_teams": [
                36,
                127,
                128
            ],
            "top_3_elos": {
                "38": 1829.1931584924937,
                "33": 1696.6485662000625,
                "35": 1616.3152469696688
            },
            "bottom_3_elos": {
                "36": 1383.3799007105017,
                "127": 1389.7009137068785,
                "128": 1334.5267076664077
            }
        }
    }
}