{
    "season": "2019/2020",
    "teams": [
        38,
        33,
        543,
        46,
        39,
        40,
        51,
        552,
        36,
        48,
        49,
        43,
        52,
        42,
        551,
        540,
        44,
        544,
        566,
        550,
        563,
        47,
        541,
        562,
        548,
        35,
        127,
        547,
        34,
        50,
        41,
        557,
        539,
        37,
        545,
        53
    ],
    "top_3_elos": {
        "38": 1934.7892456742507,
        "33": 1782.9142781286469,
        "543": 1563.233118650314
    },
    "bottom_3_elos": {
        "37": 1530.4467157475822,
        "545": 1494.9154453204173,
        "53": 1424.4890681187096
    }
}