{
    "season": "2022/2023",
    "competitions": {
        "Bundesliga-1": {
            "teams": [
                38,
                33,
                46,
                541,
                42,
                44,
                40,
                43,
                34,
                39,
                41,
                49,
                37,
                540,
                50,
                51,
                35,
                47
            ],
            "top_teams": [
                38,
                33,
                46
            ],
            "bottom_teams": [
                51,
                35,
                47
            ],
            "top_3_elos": {
                "38": 1786.8541913114757,
                "33": 1712.7255248672639,
                "46": 1670.4128967877516
            },
            "bottom_3_elos": {
                "51": 1420.4385763010591,
                "35": 1383.0724047878457,
                "47": 1374.4326668103906
            }
        }
    }
}