{
    "season": "2020/2021",
    "competitions": {
        "Bundesliga-1": {
            "teams": [
                38,
                46,
                33,
                43,
                44,
                40,
                541,
                39,
                51,
                42,
                49,
                34,
                50,
                543,
                47,
                41,
                37,
                35
            ],
            "top_teams": [
                38,
                46,
                33
            ],
            "bottom_teams": [
                41,
                37,
                35
            ],
            "top_3_elos": {
                "38": 1844.7841175635322,
                "46": 1659.5752070214337,
                "33": 1688.9104590608524
            },
            "bottom_3_elos": {
                "41": 1386.7653098274996,
                "37": 1399.186150467139,
                "35": 1328.9849402419984
            }
        }
    }
}