{
    "season": "2018/2019",
    "competitions": {
        "Bundesliga-1": {
            "teams": [
                38,
                33,
                46,
                40,
                43,
                39,
                44,
                37,
                49,
                545,
                47,
                34,
                42,
                35,
                50,
                51,
                52,
                127
            ],
            "top_teams": [
                38,
                33,
                46
            ],
            "bottom_teams": [
                51,
                52,
                127
            ],
            "top_3_elos": {
                "38": 1844.9730120812433,
                "33": 1697.5807648018201,
                "46": 1621.7953931869067
            },
            "bottom_3_elos": {
                "51": 1412.450767472304,
                "52": 1331.853233103065,
                "127": 1325.7672078950397
            }
        }
    }
}