{
    "season": "2012/2013",
    "competitions": {
        "Bundesliga-1": {
            "teams": [
                38,
                33,
                40,
                35,
                42,
                44,
                36,
                39,
                52,
                127,
                51,
                43,
                34,
                37,
                50,
                49,
                545,
                544
            ],
            "top_teams": [
                38,
                33,
                40
            ],
            "bottom_teams": [
                49,
                545,
                544
            ],
            "top_3_elos": {
                "38": 1762.3459441741088,
                "33": 1673.7654217220525,
                "40": 1606.3273433106187
            },
            "bottom_3_elos": {
                "49": 1416.4314174666097,
                "545": 1361.6346435971361,
                "544": 1332.9100538821044
            }
        }
    }
}