{
    "season": "2019/2020",
    "teams": [
        23,
        24,
        30,
        25,
        1155,
        29,
        1017,
        21,
        1019,
        31,
        22,
        32
    ],
    "top_3_elos": {
        "23": 1849.2178962459993,
        "24": 1704.7517213312415,
        "30": 1483.9163114235084
    },
    "bottom_3_elos": {
        "31": 1353.4433202043358,
        "22": 1357.8537765926153,
        "32": 1413.5523392171442
    }
}