{
    "season": "2014/2015",
    "teams": [
        38,
        43,
        39,
        45,
        40,
        48,
        547,
        542,
        128,
        46,
        50,
        35,
        541,
        552,
        33,
        127,
        545,
        49,
        37,
        44,
        540,
        550,
        41,
        34,
        554,
        548,
        544,
        52,
        551,
        546,
        51,
        47,
        36,
        42,
        555,
        53
    ],
    "top_3_elos": {
        "38": 1845.4311115563116,
        "43": 1680.485165424981,
        "39": 1669.6940250215857
    },
    "bottom_3_elos": {
        "42": 1477.6645798855543,
        "555": 1383.3612114797347,
        "53": 1472.7275483215205
    }
}