{
    "season": "2020/2021",
    "teams": [
        24,
        23,
        1017,
        25,
        29,
        1019,
        1155,
        30,
        1018,
        31,
        21,
        22
    ],
    "top_3_elos": {
        "24": 1827.7804280220262,
        "23": 1788.127960914832,
        "1017": 1556.1696736015251
    },
    "bottom_3_elos": {
        "31": 1365.762314619223,
        "21": 1401.7550003264619,
        "22": 1323.8451140189413
    }
}