{
    "season": "2023/2024",
    "teams": [
        23,
        24,
        32,
        21,
        25,
        1019,
        1017,
        30,
        28,
        31,
        29,
        1155
    ],
    "top_3_elos": {
        "23": 1880.0553852157148,
        "24": 1818.6345898672007,
        "32": 1584.227610363664
    },
    "bottom_3_elos": {
        "31": 1357.3793679109772,
        "29": 1376.5426217618858,
        "1155": 1336.7096961514137
    }
}