{
    "season": "2012/2013",
    "teams": [
        23,
        30,
        29,
        27,
        31,
        1017,
        25,
        1018,
        21,
        32,
        1019,
        28
    ],
    "top_3_elos": {
        "23": 1616.4044429231596,
        "30": 1553.31097759211,
        "29": 1536.3397664351603
    },
    "bottom_3_elos": {
        "32": 1460.266893363207,
        "1019": 1459.1842319964094,
        "28": 1408.901202832174
    }
}