{
    "season": "2015/2016",
    "teams": [
        23,
        25,
        32,
        29,
        27,
        30,
        31,
        28,
        26,
        22,
        21,
        1018
    ],
    "top_3_elos": {
        "23": 1797.9317274281955,
        "25": 1618.007011236765,
        "32": 1522.9854271551933
    },
    "bottom_3_elos": {
        "22": 1430.9749574063535,
        "21": 1375.0971630203987,
        "1018": 1411.9470404044616
    }
}