{
    "season": "2021/2022",
    "teams": [
        23,
        24,
        32,
        1155,
        1018,
        30,
        1017,
        1019,
        31,
        25,
        29,
        28
    ],
    "top_3_elos": {
        "23": 1833.2219234441231,
        "24": 1831.8036202759374,
        "32": 1477.2937865850615
    },
    "bottom_3_elos": {
        "25": 1459.469305054333,
        "29": 1418.0679114677757,
        "28": 1329.3795657016317
    }
}