{
    "season": "2018/2019",
    "teams": [
        38,
        33,
        46,
        41,
        40,
        541,
        53,
        36,
        552,
        43,
        39,
        44,
        37,
        49,
        566,
        563,
        548,
        543,
        48,
        540,
        545,
        47,
        34,
        544,
        539,
        551,
        550,
        42,
        45,
        35,
        50,
        558,
        553,
        51,
        52,
        127
    ],
    "top_3_elos": {
        "38": 1912.5728795102498,
        "33": 1770.1235596568088,
        "46": 1703.8567892027545
    },
    "bottom_3_elos": {
        "51": 1501.3318417076339,
        "52": 1418.478144521719,
        "127": 1410.5839360702805
    }
}