{
    "season": "2022/2023",
    "teams": [
        23,
        24,
        25,
        32,
        1017,
        30,
        1155,
        1019,
        29,
        21,
        31,
        1018
    ],
    "top_3_elos": {
        "23": 1871.0215673189,
        "24": 1851.2171834665307,
        "25": 1502.2358891002261
    },
    "bottom_3_elos": {
        "21": 1398.0354175244656,
        "31": 1363.057048600773,
        "1018": 1363.4612454358728
    }
}