{
    "season": "2017/2018",
    "teams": [
        23,
        25,
        24,
        1017,
        21,
        32,
        30,
        29,
        28,
        26,
        22,
        31
    ],
    "top_3_elos": {
        "23": 1827.0324331705103,
        "25": 1666.300246744422,
        "24": 1603.39748146164
    },
    "bottom_3_elos": {
        "26": 1381.6083039069347,
        "22": 1340.922064890708,
        "31": 1375.254050036129
    }
}