{
    "season": "2015/2016",
    "teams": [
        38,
        33,
        42,
        46,
        127,
        40,
        39,
        548,
        35,
        540,
        47,
        34,
        541,
        547,
        544,
        128,
        542,
        552,
        43,
        550,
        41,
        543,
        36,
        45,
        50,
        37,
        48,
        49,
        44,
        545,
        546,
        51,
        553,
        554,
        53,
        52
    ],
    "top_3_elos": {
        "38": 1896.9262906203535,
        "33": 1739.7599218651942,
        "42": 1575.6005640125618
    },
    "bottom_3_elos": {
        "554": 1342.661002178384,
        "53": 1372.4986543421776,
        "52": 1410.8927672710006
    }
}